operation,pmdk,snapshot,msync,msync huge pages,msync data journal
insert,3.675960,3.4434,9.8362,1607.3741,122.0535
delete,4.660085,5.0587,21.3892,3299.0851,224.0182
read,0.975745,.2318,.3874,.3653,.2655
